[
  {
    "ID": 1,
    "Nom": "CAUCHARD",
    "Prénom": "Georges",
    "Naissance": "01/08/1995",
    "Adresse": "2 bis, rue Quatrefages",
    "Code Postal": "14 110",
    "Ville": "CONDE SUR NOIREAU",
    "Tel": "02 46 32 16 42",
    "Aliment1": 13621,
    "Aliment2": 13101,
    "Aliment3": 36401,
    "Aliment4": 20045,
    "Aliment5": 25185,
    "Aliment6": 13187,
    "Aliment7": 13153,
    "Aliment8": 13042,
    "Aliment9": 13100,
    "Aliment10": 13041
  },
  {
    "ID": 2,
    "Nom": "RUDNY",
    "Prénom": "Yohan",
    "Naissance": "17/11/2003",
    "Adresse": "5 rue de la poire",
    "Code Postal": "91 230",
    "Ville": "PARIS",
    "Tel": "01 82 00 21 03",
    "Aliment1": 13621,
    "Aliment2": 13101,
    "Aliment3": 13044,
    "Aliment4": 25433,
    "Aliment5": 25438,
    "Aliment6": 13187,
    "Aliment7": 13153,
    "Aliment8": 16713,
    "Aliment9": 13100,
    "Aliment10": 13041
  },
  {
    "ID": 3,
    "Nom": "CORONEL",
    "Prénom": "Vegetarien",
    "Naissance": "14/06/1949",
    "Adresse": "9b Avenue Momentos",
    "Ville": "ROUBAIX",
    "Tel": "06 21 22 93 09",
    "Aliment1": 20233,
    "Aliment2": 18104,
    "Aliment3": 15054,
    "Aliment4": 76025,
    "Aliment5": 31035,
    "Aliment6": 19557,
    "Aliment7": 23032,
    "Aliment8": 24037,
    "Aliment9": 23030,
    "Aliment10": 23033
  },
  {
    "ID": 1,
    "Nom": "CAUCHARD",
    "Prénom": "Georges",
    "Naissance": "01/08/1995",
    "Adresse": "2 bis, rue Quatrefages",
    "Code Postal": "14 110",
    "Ville": "CONDE SUR NOIREAU",
    "Tel": "02 46 32 16 42",
    "Aliment1": 13621,
    "Aliment2": 13101,
    "Aliment3": 36401,
    "Aliment4": 20045,
    "Aliment5": 25185,
    "Aliment6": 13187,
    "Aliment7": 13153,
    "Aliment8": 13042,
    "Aliment9": 13100,
    "Aliment10": 13041
  },
  {
    "ID": 2,
    "Nom": "RUDNY",
    "Prénom": "Yohan",
    "Naissance": "17/11/2003",
    "Adresse": "5 rue de la poire",
    "Code Postal": "91 230",
    "Ville": "PARIS",
    "Tel": "01 82 00 21 03",
    "Aliment1": 13621,
    "Aliment2": 13101,
    "Aliment3": 13044,
    "Aliment4": 25433,
    "Aliment5": 25438,
    "Aliment6": 13187,
    "Aliment7": 13153,
    "Aliment8": 16713,
    "Aliment9": 13100,
    "Aliment10": 13041
  },
  {
    "ID": 3,
    "Nom": "CORONEL",
    "Prénom": "Vegetarien",
    "Naissance": "14/06/1949",
    "Adresse": "9b Avenue Momentos",
    "Ville": "ROUBAIX",
    "Tel": "06 21 22 93 09",
    "Aliment1": 20233,
    "Aliment2": 18104,
    "Aliment3": 15054,
    "Aliment4": 76025,
    "Aliment5": 31035,
    "Aliment6": 19557,
    "Aliment7": 23032,
    "Aliment8": 24037,
    "Aliment9": 23030,
    "Aliment10": 23033
  },
  {
    "ID": 1,
    "Nom": "CAUCHARD",
    "Prénom": "Georges",
    "Naissance": "01/08/1995",
    "Adresse": "2 bis, rue Quatrefages",
    "Code Postal": "14 110",
    "Ville": "CONDE SUR NOIREAU",
    "Tel": "02 46 32 16 42",
    "Aliment1": 13621,
    "Aliment2": 13101,
    "Aliment3": 36401,
    "Aliment4": 20045,
    "Aliment5": 25185,
    "Aliment6": 13187,
    "Aliment7": 13153,
    "Aliment8": 13042,
    "Aliment9": 13100,
    "Aliment10": 13041
  },
  {
    "ID": 2,
    "Nom": "RUDNY",
    "Prénom": "Yohan",
    "Naissance": "17/11/2003",
    "Adresse": "5 rue de la poire",
    "Code Postal": "91 230",
    "Ville": "PARIS",
    "Tel": "01 82 00 21 03",
    "Aliment1": 13621,
    "Aliment2": 13101,
    "Aliment3": 13044,
    "Aliment4": 25433,
    "Aliment5": 25438,
    "Aliment6": 13187,
    "Aliment7": 13153,
    "Aliment8": 16713,
    "Aliment9": 13100,
    "Aliment10": 13041
  },
  {
    "ID": 3,
    "Nom": "CORONEL",
    "Prénom": "Vegetarien",
    "Naissance": "14/06/1949",
    "Adresse": "9b Avenue Momentos",
    "Ville": "ROUBAIX",
    "Tel": "06 21 22 93 09",
    "Aliment1": 20233,
    "Aliment2": 18104,
    "Aliment3": 15054,
    "Aliment4": 76025,
    "Aliment5": 31035,
    "Aliment6": 19557,
    "Aliment7": 23032,
    "Aliment8": 24037,
    "Aliment9": 23030,
    "Aliment10": 23033
  },
  {
    "ID": 1,
    "Nom": "CAUCHARD",
    "Prénom": "Georges",
    "Naissance": "01/08/1995",
    "Adresse": "2 bis, rue Quatrefages",
    "Code Postal": "14 110",
    "Ville": "CONDE SUR NOIREAU",
    "Tel": "02 46 32 16 42",
    "Aliment1": 13621,
    "Aliment2": 13101,
    "Aliment3": 36401,
    "Aliment4": 20045,
    "Aliment5": 25185,
    "Aliment6": 13187,
    "Aliment7": 13153,
    "Aliment8": 13042,
    "Aliment9": 13100,
    "Aliment10": 13041
  },
  {
    "ID": 2,
    "Nom": "RUDNY",
    "Prénom": "Yohan",
    "Naissance": "17/11/2003",
    "Adresse": "5 rue de la poire",
    "Code Postal": "91 230",
    "Ville": "PARIS",
    "Tel": "01 82 00 21 03",
    "Aliment1": 13621,
    "Aliment2": 13101,
    "Aliment3": 13044,
    "Aliment4": 25433,
    "Aliment5": 25438,
    "Aliment6": 13187,
    "Aliment7": 13153,
    "Aliment8": 16713,
    "Aliment9": 13100,
    "Aliment10": 13041
  },
  {
    "ID": 3,
    "Nom": "CORONEL",
    "Prénom": "Vegetarien",
    "Naissance": "14/06/1949",
    "Adresse": "9b Avenue Momentos",
    "Ville": "ROUBAIX",
    "Tel": "06 21 22 93 09",
    "Aliment1": 20233,
    "Aliment2": 18104,
    "Aliment3": 15054,
    "Aliment4": 76025,
    "Aliment5": 31035,
    "Aliment6": 19557,
    "Aliment7": 23032,
    "Aliment8": 24037,
    "Aliment9": 23030,
    "Aliment10": 23033
  }
]
